{
  "AC001": {
    "url": "http://127.0.0.1:8000/",
    "status": "passed",
    "score": 100,
    "errors_count": 0,
    "warnings_count": 0,
    "errors": [],
    "warnings": []
  },
  "AC002": {
    "url": "http://127.0.0.1:8000/update_task/532/",
    "status": "passed",
    "score": 100,
    "errors_count": 0,
    "warnings_count": 0,
    "errors": [],
    "warnings": []
  },
  "AC003": {
    "url": "http://127.0.0.1:8000/delete_task/532/",
    "status": "passed",
    "score": 100,
    "errors_count": 0,
    "warnings_count": 0,
    "errors": [],
    "warnings": []
  }
}